Year,Number of Tourists
2011,16427246.773806913
2012,15517621.577568108
2013,17919580.28706675
2014,22033462.672587633
2015,23599455.168336604
